Date,Open,High,Low,Close,Volume,SMA20,SMA50,Signal,Daily Return,Volatility,Normalized Close
2025-01-02 00:00:00,136.0,138.88,134.63,138.31,198247166.0,,,0.0,,,100.0
2025-01-03 00:00:00,140.01,144.9,139.73,144.47,229322478.0,,,0.0,4.4537632853734355,,104.45376328537344
2025-01-06 00:00:00,148.59,152.16,147.82,149.43,265377359.0,,,0.0,3.4332387346854176,,108.03991034632348
2025-01-07 00:00:00,153.03,153.13,140.01,140.14,351782174.0,,,0.0,-6.216957772870257,,101.32311474224566
2025-01-08 00:00:00,142.58,143.95,137.56,140.11,227349948.0,,,0.0,-0.02140716426428657,,101.3014243366351
2025-01-10 00:00:00,137.45,139.92,134.22,135.91,207602514.0,,,0.0,-2.997644707729652,,98.2647675511532
2025-01-13 00:00:00,129.99,133.49,129.51,133.23,204808914.0,,,0.0,-1.9718931645942184,,96.32709131660762
2025-01-14 00:00:00,136.05,136.38,130.05,131.76,195590485.0,,,0.0,-1.103355100202652,,95.26426144168894
2025-01-15 00:00:00,133.65,136.45,131.29,136.24,185217338.0,,,0.0,3.400121432908332,,98.50336201286964
2025-01-16 00:00:00,138.64,138.75,133.49,133.57,209235583.0,,,0.0,-1.9597768643570324,,96.57291591352758
2025-01-17 00:00:00,136.69,138.5,135.46,137.71,201188760.0,,,0.0,3.099498390357125,,99.5661918877883
2025-01-21 00:00:00,139.16,141.83,137.09,140.83,197748985.0,,,0.0,2.265630673153729,,101.82199407128914
2025-01-22 00:00:00,144.66,147.79,143.67,147.07,237651395.0,,,0.0,4.43087410352907,,106.3335984382908
2025-01-23 00:00:00,145.05,147.23,143.72,147.22,155915549.0,,,0.0,0.10199224858911116,,106.44205046634372
2025-01-24 00:00:00,148.37,148.97,141.88,142.62,234657635.0,,,0.0,-3.124575465290036,,103.1161882727207
2025-01-27 00:00:00,124.8,128.4,116.7,118.42,818830895.0,,,0.0,-16.968167157481417,,85.6192610801822
2025-01-28 00:00:00,121.81,129.0,116.25,128.99,579666350.0,,,0.0,8.925857118729951,,93.26151399031163
2025-01-29 00:00:00,126.5,126.89,120.05,123.7,467120640.0,,,0.0,-4.10109310799287,,89.43677246764514
2025-01-30 00:00:00,123.1,125.0,118.1,124.65,392925469.0,,,0.0,0.7679870654810017,,90.12363531198034
2025-01-31 00:00:00,123.78,127.85,119.19,120.07,390372899.0,135.7225,,0.0,-3.6742880064179806,,86.81223338876435
2025-02-03 00:00:00,114.75,118.57,113.01,116.66,371235677.0,134.64000000000001,,0.0,-2.8400099941700674,5.333789905170673,84.34675728436122
2025-02-04 00:00:00,116.96,121.2,116.7,118.65,256550040.0,133.349,,0.0,1.705811760672038,5.228255906594247,85.78555418986336
2025-02-05 00:00:00,121.76,125.0,120.76,124.83,263110629.0,132.119,,0.0,5.208596713021496,5.318955399892625,90.25377774564383
2025-02-06 00:00:00,127.42,128.77,125.21,128.68,251483574.0,131.546,,0.0,3.084194504526172,5.221867000040792,93.03737979900224
2025-02-07 00:00:00,129.22,130.37,125.0,129.84,228186298.0,131.0325,,0.0,0.9014609884985925,5.228425548544323,93.87607548261153
2025-02-10 00:00:00,130.09,135.0,129.96,133.57,216989086.0,130.9155,,0.0,2.872766481823774,5.23038943957087,96.57291591352758
2025-02-11 00:00:00,132.58,134.48,131.02,132.8,178902379.0,130.894,,0.0,-0.5764767537620563,5.211255749546766,96.01619550285591
2025-02-12 00:00:00,130.02,132.24,129.08,131.14,160278552.0,130.863,,0.0,-1.2500000000000178,5.213171679981847,94.8159930590702
2025-02-13 00:00:00,131.56,136.5,131.17,135.29,197429975.0,130.8155,,0.0,3.164556962025311,5.205616013223823,97.81649916853445
2025-02-14 00:00:00,136.48,139.25,135.5,138.85,195479557.0,131.0795,,0.0,2.6313844334392877,5.211150071726369,100.39042730099052
2025-02-18 00:00:00,141.27,143.44,137.93,139.4,219176627.0,131.164,,0.0,0.3961109110551142,5.170470199135702,100.78808473718459
2025-02-19 00:00:00,139.51,141.36,137.22,139.23,167536006.0,131.084,,0.0,-0.12195121951220633,5.147686235492474,100.6651724387246
2025-02-20 00:00:00,140.03,140.66,136.79,140.11,143903583.0,130.736,,0.0,0.6320476908712402,5.047684277351645,101.3014243366351
2025-02-21 00:00:00,140.04,141.46,134.03,134.43,228217585.0,130.0965,,0.0,-4.053957604739134,5.123336530129634,97.19470754103102
2025-02-24 00:00:00,136.56,138.59,130.08,130.28,251381137.0,129.4795,,0.0,-3.0871085323216585,5.122264182217299,94.19420143156677
2025-02-25 00:00:00,129.98,130.2,124.44,126.63,271428711.0,129.89000000000001,,0.0,-2.801657967454718,3.3830208229478402,91.55520208227892
2025-02-26 00:00:00,129.99,133.73,128.49,131.28,322553814.0,130.00449999999998,,0.0,3.6721156124141174,2.8467416243539794,94.9172149519196
2025-02-27 00:00:00,135.0,135.01,120.01,120.15,443175846.0,129.827,,0.0,-8.4780621572212,3.3180771826680853,86.8700744703926
2025-02-28 00:00:00,118.02,125.09,116.4,124.92,389091145.0,129.8405,,0.0,3.970037453183517,3.436897900884233,90.3188489624756
2025-03-03 00:00:00,123.51,123.7,112.28,114.06,411381373.0,129.54000000000002,,0.0,-8.69356388088377,3.879307311626834,82.46692213144385
2025-03-04 00:00:00,110.65,119.31,110.11,115.99,398163305.0,129.50650000000002,,0.0,1.6920918814658847,3.8481877360706456,83.86233822572481
2025-03-05 00:00:00,117.58,118.28,114.51,117.3,284337886.0,129.439,,0.0,1.1294077075610032,3.8372251410930716,84.80948593738702
2025-03-06 00:00:00,113.53,115.35,110.22,110.57,321181861.0,128.726,,0.0,-5.7374254049445845,3.8380303052899896,79.94360494541247
2025-03-07 00:00:00,111.25,113.48,107.56,112.69,341755468.0,127.9265,,0.0,1.9173374333001814,3.7887071276785043,81.47639360856049
2025-03-10 00:00:00,109.9,111.85,105.46,106.98,366487363.0,126.7835,,0.0,-5.066997959002572,3.8984288084656793,77.34798640734581
2025-03-11 00:00:00,106.99,112.24,104.77,108.76,354865692.0,125.543,,0.0,1.6638624041876993,3.8460452247526895,78.63495047357387
2025-03-12 00:00:00,114.12,116.76,112.88,115.74,323857454.0,124.69000000000001,,0.0,6.417800662008077,4.184853389826171,83.6815848456366
2025-03-13 00:00:00,117.03,117.76,113.79,115.58,299033131.0,123.912,,0.0,-0.1382408847416583,4.183151183144877,83.56590268238016
2025-03-14 00:00:00,118.61,121.88,118.15,121.67,277593455.0,123.23100000000002,,0.0,5.269077695102964,4.3060295541935805,87.9690550213289
2025-03-17 00:00:00,122.74,122.89,118.03,119.53,255501481.0,122.26499999999999,129.0012,0.0,-1.7588559217555644,4.252823159067768,86.42180608777385
2025-03-18 00:00:00,118.0,119.02,114.54,115.43,299686944.0,121.06650000000002,128.5436,0.0,-3.4301012298167732,4.288774397848605,83.45745065432723
2025-03-19 00:00:00,117.27,120.45,115.68,117.52,273426225.0,119.98100000000002,128.0046,0.0,1.81062115567876,4.327640902787768,84.96854891186464
2025-03-20 00:00:00,116.55,120.2,116.47,118.53,248829749.0,118.902,127.3866,0.0,0.8594281824370276,4.331769332504562,85.69879256742101
2025-03-21 00:00:00,116.94,117.99,115.42,117.7,266498528.0,118.06550000000001,126.93779999999998,0.0,-0.7002446637981885,4.26115873738616,85.09869134552817
2025-03-24 00:00:00,119.88,122.22,119.34,121.41,228452534.0,117.622,126.56379999999999,0.0,3.152081563296516,4.295775980814747,87.78107150603715
2025-03-25 00:00:00,120.55,121.29,118.92,120.69,167447198.0,117.325,126.2594,0.0,-0.5930318754633013,4.255265750173186,87.26050177138312
2025-03-26 00:00:00,118.73,118.84,112.71,113.76,296431667.0,116.449,125.87,0.0,-5.741983594332578,4.329997765980436,82.25001807533802
2025-03-27 00:00:00,111.35,114.45,110.66,111.43,236902055.0,116.013,125.46340000000001,0.0,-2.048171589310832,3.936927655854813,80.56539657291592
2025-03-28 00:00:00,111.49,112.87,109.07,109.67,229872549.0,115.25050000000002,124.93199999999999,0.0,-1.5794669299111552,3.8136709888362423,79.29289277709493
2025-03-31 00:00:00,105.13,110.96,103.65,108.38,299212653.0,114.9665,124.4282,0.0,-1.1762560408498324,3.30883974669656,78.36020533583977
2025-04-01 00:00:00,108.52,110.2,106.47,110.15,222614034.0,114.6745,123.87700000000001,0.0,1.6331426462447007,3.307088616594403,79.63993926686429
2025-04-02 00:00:00,107.29,111.98,106.79,110.42,220601243.0,114.3305,123.2688,0.0,0.2451202905129346,3.2941825931810595,79.83515291735955
2025-04-03 00:00:00,103.51,105.63,101.6,101.8,338769412.0,113.89200000000001,122.3634,0.0,-7.8065567831914535,3.501550867351449,73.60277637191815
2025-04-04 00:00:00,98.91,100.13,92.11,94.31,532273810.0,112.973,121.3052,0.0,-7.357563850687621,3.787472409384389,68.18740510447545
2025-04-07 00:00:00,87.46,101.75,86.62,97.64,611041347.0,112.506,120.40559999999999,0.0,3.53090870533348,3.767625760473575,70.59504012725037
2025-04-08 00:00:00,103.81,105.85,94.46,96.3,476243392.0,111.883,119.9632,0.0,-1.3723883654240154,3.741703289766727,69.62620200997758
2025-04-09 00:00:00,98.89,115.1,97.53,114.33,612918336.0,111.8125,119.67,0.0,18.722741433021817,5.5301057171254575,82.66213578193911
2025-04-10 00:00:00,109.37,110.86,99.15,107.57,437812353.0,111.41199999999999,119.3474,0.0,-5.912708825330193,5.690300963042345,77.77456438435398
2025-04-11 00:00:00,108.5,111.55,107.48,110.93,313417265.0,110.875,119.073,0.0,3.1235474574695665,5.601040442454814,80.2038898127395
2025-04-14 00:00:00,114.11,114.29,109.07,110.71,264705049.0,110.43400000000001,118.8858,0.0,-0.1983232669251045,5.590801287211309,80.04482683826187
2025-04-15 00:00:00,110.97,113.62,110.5,112.2,228966900.0,110.2725,118.7966,0.0,1.3458585493631992,5.549303218223373,81.12211698358759
2025-04-16 00:00:00,104.55,106.79,100.45,104.49,397016870.0,109.62099999999998,118.5134,0.0,-6.871657754010707,5.7363929577296515,75.54768274166726
2025-04-17 00:00:00,104.45,104.47,100.05,101.49,292517465.0,108.769,118.0466,0.0,-2.8710881424059753,5.752638019991304,73.37864218060878
2025-04-21 00:00:00,98.77,99.44,95.04,96.91,288501136.0,107.72949999999999,117.4112,0.0,-4.512759877820471,5.818099823095469,70.06724025739281
2025-04-22 00:00:00,98.78,99.81,97.28,98.89,241004784.0,106.60349999999998,116.79220000000001,0.0,2.0431328036322416,5.783490082519973,71.49880702769141
2025-04-23 00:00:00,104.52,104.8,102.02,102.71,247525971.0,105.70449999999998,116.175,0.0,3.862877945191623,5.879741970251961,74.26071867543924
2025-04-24 00:00:00,103.48,106.54,103.11,106.43,220815041.0,105.338,115.64759999999998,0.0,3.621847921331911,5.825251648157474,76.95032897115176
2025-04-25 00:00:00,106.85,111.92,105.73,111.01,251064672.0,105.31700000000001,115.245,0.0,4.303297942309503,5.890743373158756,80.26173089436772
2025-04-28 00:00:00,109.69,110.37,106.02,108.73,207708479.0,105.27000000000001,114.7138,0.0,-2.0538690208089405,5.898975320343783,78.61326006796328
2025-04-29 00:00:00,107.67,110.2,107.44,109.02,170444263.0,105.30199999999999,114.1172,0.0,0.26671571783316583,5.891170710014518,78.82293398886559
2025-04-30 00:00:00,104.47,108.92,104.08,108.92,235044611.0,105.2405,113.5076,0.0,-0.09172628875435684,5.881505124241421,78.7506326368303
2025-05-01 00:00:00,113.08,114.94,111.3,111.61,236121507.0,105.3,112.95519999999999,0.0,2.4697025339698753,5.905363608648843,80.69553900657942
2025-05-02 00:00:00,114.18,115.4,113.37,114.5,190194778.0,105.93499999999999,112.443,0.0,2.589373712032983,5.61268246411617,82.78504808039911
2025-05-05 00:00:00,112.91,114.67,112.66,113.82,133163241.0,106.9105,112.0308,0.0,-0.5938864628820983,5.294350796359089,82.29339888655917
2025-05-06 00:00:00,111.48,114.74,110.82,113.54,158525621.0,107.7055,111.696,0.0,-0.2460024600245858,5.269255403956562,82.09095510086038
2025-05-07 00:00:00,113.05,117.68,112.28,117.06,207827821.0,108.74350000000001,111.5046,0.0,3.100228994187071,5.263483462115492,84.63596269250235
2025-05-08 00:00:00,118.25,118.68,115.85,117.37,198428122.0,108.8955,111.2264,0.0,0.2648214590808218,3.2416879374332064,84.86009688381174
2025-05-09 00:00:00,117.35,118.23,115.21,116.65,132972189.0,109.3495,111.15639999999999,0.0,-0.6134446621794298,2.9176932714546213,84.33952714915769
2025-05-12 00:00:00,121.97,123.0,120.28,123.0,225023345.0,109.953,111.11800000000001,0.0,5.443634804972142,3.071767648158495,88.93066300339815
2025-05-13 00:00:00,124.98,131.22,124.47,129.93,330430105.0,110.91399999999999,111.43540000000002,0.0,5.63414634146342,3.2663849190103873,93.94114669944328
2025-05-14 00:00:00,133.2,135.44,131.68,135.34,281180830.0,112.071,111.8224,1.0,4.163780497190794,3.3484377270740633,97.8526498445521
2025-05-15 00:00:00,134.29,136.3,132.66,134.83,226632563.0,113.58800000000001,112.17299999999999,1.0,-0.3768287276488813,2.8182787905235216,97.48391294917215
2025-05-16 00:00:00,136.22,136.35,133.46,135.4,226542451.0,115.2835,112.6696,1.0,0.42275457984126685,2.6517845856875866,97.89603065577327
2025-05-19 00:00:00,132.39,135.87,132.39,135.57,193154571.0,117.2165,113.12719999999999,1.0,0.12555391432791385,2.2758175179638456,98.01894295423324
2025-05-20 00:00:00,134.29,134.58,132.62,134.38,161514247.0,118.99099999999999,113.6752,1.0,-0.8777753190233772,2.3464007990060605,97.15855686501337
2025-05-21 00:00:00,133.06,137.4,130.59,131.8,270608738.0,120.44550000000001,114.13600000000001,1.0,-1.9199285607977234,2.40465993722925,95.29318198250309
2025-05-22 00:00:00,133.06,137.4,130.59,131.8,7196599.0,121.71399999999998,114.45720000000001,1.0,0.0,2.3550102438722638,95.29318198250309
2025-05-23 00:00:00,130.0,132.68,129.16,131.29,198821324.0,122.72800000000002,114.77140000000001,1.0,-0.38694992412747764,2.2505007698115063,94.92444508712312
2025-05-27 00:00:00,134.15,135.66,133.31,135.5,192953613.0,124.06649999999999,115.04800000000002,1.0,3.2066417853606533,2.198079093760032,97.96833200780854
2025-05-28 00:00:00,136.03,137.25,134.79,134.81,304021146.0,125.35600000000002,115.35359999999999,1.0,-0.50922509225092,2.2208306697457147,97.4694526787651
2025-05-29 00:00:00,142.25,143.49,137.91,139.19,370615167.0,126.86950000000002,115.82880000000002,1.0,3.249017135227361,2.252658204381934,100.63625189791048
2025-05-30 00:00:00,138.72,139.62,132.92,135.13,333170851.0,128.0455,116.181,1.0,-2.9168762123715775,2.4161492712826447,97.700817005278
2025-06-02 00:00:00,135.49,138.12,135.4,137.38,197663116.0,129.1895,116.55799999999999,1.0,1.6650632724043435,2.3926310008604266,99.32759742607186
2025-06-03 00:00:00,138.78,142.0,137.95,141.22,225578783.0,130.5595,117.0284,1.0,2.795166690930273,2.3981545768562005,102.10396934422674
2025-06-04 00:00:00,142.19,142.39,139.54,141.92,167120819.0,131.9785,117.43860000000001,1.0,0.4956804985129404,2.381741286948474,102.6100788084737
2025-06-05 00:00:00,142.17,144.0,138.83,139.99,232410759.0,133.125,117.82459999999999,1.0,-1.3599210822998753,2.3981066948199277,101.21466271419277
2025-06-06 00:00:00,142.51,143.27,141.51,141.72,153986153.0,134.3425,118.3838,1.0,1.235802557325516,2.393857328305859,102.46547610440315
2025-06-09 00:00:00,143.19,145.0,141.94,142.63,185114494.0,135.6415,119.0078,1.0,0.6421112051933298,2.3663464993524426,103.12341840792423
2025-06-10 00:00:00,142.69,144.29,141.53,143.96,155881897.0,136.6895,119.6936,1.0,0.9324826474093939,2.127063838662793,104.0850263899935
2025-06-11 00:00:00,144.61,144.99,141.87,142.83,167694044.0,137.3345,120.3826,1.0,-0.7849402611836642,1.8236474273707193,103.2680211119948
2025-06-12 00:00:00,141.97,145.0,141.85,145.0,162364991.0,137.8175,121.07959999999999,1.0,1.5192886648463189,1.628716635037414,104.83696045116045
2025-06-13 00:00:00,142.48,143.58,140.85,141.97,180820565.0,138.1745,121.71060000000001,1.0,-2.0896551724137957,1.712269959264396,102.64622948449136
2025-06-16 00:00:00,143.35,146.18,143.2,144.69,183133666.0,138.63899999999998,122.5684,1.0,1.9158977248714404,1.7512861148004983,104.61282625985106
2025-06-17 00:00:00,144.49,145.22,143.78,144.12,139108000.0,139.06650000000002,123.56459999999998,1.0,-0.39394567696453553,1.7585788658216246,104.20070855324994
2025-06-18 00:00:00,144.01,145.65,143.12,145.48,161494121.0,139.62150000000003,124.52140000000001,1.0,0.9436580627254942,1.7403044029872194,105.18400694092979
2025-06-20 00:00:00,145.45,146.2,142.65,143.85,242956157.0,140.224,125.4724,1.0,-1.1204289249381327,1.6924455523763546,104.00549490275468
2025-06-23 00:00:00,142.5,144.78,142.03,144.17,154308941.0,140.84250000000003,126.0692,1.0,0.2224539450816687,1.690048353324246,104.23685922926758
2025-06-24 00:00:00,145.56,147.96,145.5,147.9,187566121.0,141.673,126.8758,1.0,2.587223416799622,1.7413883912382204,106.93369966018365
2025-06-25 00:00:00,149.27,154.45,149.26,154.31,269146471.0,142.61350000000002,127.74340000000001,1.0,4.334009465855315,1.8449701964107983,111.56821632564528
2025-06-26 00:00:00,155.98,156.72,154.0,155.02,198145746.0,143.624,128.6296,1.0,0.4601127600285082,1.8250376401604311,112.08155592509581
2025-06-27 00:00:00,156.04,158.71,155.26,157.75,263234539.0,144.552,129.5406,1.0,1.7610630886337075,1.744941281960428,114.05538283565903
2025-06-30 00:00:00,158.4,158.66,155.96,157.99,194580316.0,145.695,130.6106,1.0,0.15213946117274002,1.5381755897778648,114.22890608054371
2025-07-01 00:00:00,156.29,157.2,151.49,153.3,213143621.0,146.491,131.6468,1.0,-2.968542312804612,1.7365054079995152,110.83797267008894
2025-07-02 00:00:00,152.98,157.6,152.97,157.25,171224111.0,147.29250000000002,132.8536,1.0,2.5766470971950284,1.722357901895493,113.6938760754826
2025-07-03 00:00:00,158.37,160.98,157.77,159.34,143716055.0,148.1635,134.0626,1.0,1.3290937996820462,1.7309569988196738,115.20497433302003
2025-07-07 00:00:00,158.2,159.31,157.34,158.24,140138975.0,149.076,135.1732,1.0,-0.6903476841973122,1.6973102745576043,114.40965946063193
2025-07-08 00:00:00,159.33,160.22,158.39,160.0,138133025.0,149.99,136.24460000000002,1.0,1.1122345803842304,1.695205745623703,115.68216325645288
2025-07-09 00:00:00,161.22,164.42,161.16,162.88,183656443.0,151.0025,137.282,1.0,1.8000000000000016,1.7155773576371636,117.76444219506905
2025-07-10 00:00:00,164.32,164.5,161.61,164.1,167704075.0,152.0095,138.3894,1.0,0.7490176817288807,1.7146460764088762,118.64651868989951
2025-07-11 00:00:00,163.72,167.89,163.47,164.92,193633263.0,153.114,139.5074,1.0,0.4996953077391897,1.6809759998478528,119.23938977658881
2025-07-14 00:00:00,165.37,165.49,162.02,164.07,136975754.0,154.0675,140.6104,1.0,-0.5154014067426549,1.6925416023113582,118.62482828428891
2025-07-15 00:00:00,171.19,172.4,169.2,170.7,230627350.0,155.50400000000002,141.7922,1.0,4.040958127628458,1.7282228690563588,123.41840792422818
2025-07-16 00:00:00,171.06,171.75,168.9,171.37,158831509.0,156.83800000000002,142.92960000000002,1.0,0.3925014645577152,1.7164681183501342,123.90282698286458
2025-07-17 00:00:00,172.02,174.16,170.83,173.0,160841119.0,158.28199999999998,144.1132,1.0,0.9511583124234058,1.6907605604339817,125.08133902103968
2025-07-18 00:00:00,173.64,174.25,171.26,172.41,146456416.0,159.62849999999997,145.29059999999998,1.0,-0.3410404624277441,1.7144863371218864,124.65476104403153
2025-07-21 00:00:00,172.75,173.38,171.0,171.38,123126136.0,161.005,146.377,1.0,-0.5974131430891538,1.6863406226448678,123.91005711806811
2025-07-22 00:00:00,171.34,171.39,164.58,167.03,193114327.0,162.148,147.3702,1.0,-2.5382191620959227,1.8492173532217904,120.7649483045333
2025-07-23 00:00:00,169.53,171.26,167.97,170.78,154082197.0,163.292,148.4528,1.0,2.2451056696401794,1.8328843646718582,123.4762490058564
2025-07-24 00:00:00,172.44,173.83,171.3,173.74,128984628.0,164.2635,149.4676,1.0,1.73322403091698,1.6471496857857264,125.61636902610078
2025-07-25 00:00:00,173.61,174.72,172.96,173.5,122316792.0,165.1875,150.339,1.0,-0.1381374467595342,1.6553806301558054,125.44284578121612
2025-07-28 00:00:00,174.02,177.0,173.97,176.75,140023521.0,166.1375,151.1672,1.0,1.8731988472622474,1.659783734717692,127.79263972236281
2025-07-29 00:00:00,177.96,179.38,175.02,175.51,154077512.0,167.0135,151.98080000000002,1.0,-0.7015558698727054,1.6822801478725629,126.89610295712528
2025-07-30 00:00:00,176.51,179.89,176.04,179.27,174312208.0,168.31199999999998,152.8582,1.0,2.1423280724745197,1.4994134990530381,129.61463379365193
2025-07-31 00:00:00,182.9,183.3,175.93,177.87,221685446.0,169.343,153.70420000000001,1.0,-0.7809449433814897,1.477372834821324,128.60241486515798
2025-08-01 00:00:00,174.09,176.54,170.89,173.72,204528985.0,170.062,154.491,1.0,-2.333164670827015,1.6071932751652618,125.60190875569373
2025-08-04 00:00:00,175.16,180.2,174.52,180.0,148174609.0,171.15,155.455,1.0,3.6150126640571045,1.730684641462261,130.1424336635095
2025-08-05 00:00:00,179.62,180.26,175.9,178.26,156407621.0,172.063,156.3842,1.0,-0.9666666666666712,1.764225386847559,128.8843901380956
2025-08-06 00:00:00,176.33,179.9,176.25,179.42,137192265.0,172.89,157.3468,1.0,0.6507348816335634,1.74014278082754,129.72308582170487
2025-08-07 00:00:00,181.57,183.88,178.8,180.77,151878365.0,173.7235,158.2522,1.0,0.7524244788764012,1.7401687072984933,130.6991540741812
2025-08-08 00:00:00,181.55,183.3,180.4,182.7,123396679.0,174.6125,159.21,1.0,1.0676550312551658,1.7448055071848505,132.09457016846213
2025-08-11 00:00:00,182.05,183.84,180.25,182.06,138323191.0,175.512,160.0674,1.0,-0.3503010399562023,1.739995134501168,131.63184151543635
2025-08-12 00:00:00,182.96,184.48,179.46,183.16,145729202.0,176.135,161.028,1.0,0.6041964187630366,1.5330113338824976,132.42715638782445
2025-08-13 00:00:00,182.62,183.97,179.35,181.59,179871724.0,176.64600000000002,161.9122,1.0,-0.857174055470622,1.5570676319127001,131.2920251608705
2025-08-14 00:00:00,179.75,183.02,179.46,182.02,129553959.0,177.097,162.7282,1.0,0.2367971804614788,1.5495564324240263,131.60292097462224
2025-08-15 00:00:00,181.88,181.9,178.04,180.45,156602161.0,177.499,163.49880000000002,1.0,-0.862542577738723,1.5646200838761877,130.46778974766826
2025-08-18 00:00:00,180.6,182.94,180.59,182.01,132007959.0,178.03050000000002,164.3392,1.0,0.8645054031587662,1.557585271553962,131.5956908394187
2025-08-19 00:00:00,182.43,182.5,175.49,175.64,185229219.0,178.46099999999998,165.0176,1.0,-3.4998077028734698,1.6615915972914692,126.99009471477116
2025-08-20 00:00:00,175.17,176.0,168.8,175.4,215142725.0,178.692,165.673,1.0,-0.13664313368252357,1.596253687184108,126.8165714698865
2025-08-21 00:00:00,174.85,176.9,173.81,174.98,140040850.0,178.754,166.2934,1.0,-0.23945267958951355,1.5533640631986902,126.5129057913383
2025-08-22 00:00:00,172.61,178.59,171.2,177.99,172789427.0,178.9785,166.9966,1.0,1.7201965938964614,1.5966809843622642,128.68917648760032
2025-08-25 00:00:00,178.35,181.91,176.57,179.81,163012789.0,179.1315,167.69279999999998,1.0,1.0225293555817805,1.558964039284718,130.00506109464249
2025-08-26 00:00:00,180.06,182.39,178.81,181.77,168688186.0,179.4445,168.4888,1.0,1.0900394861242502,1.5621088631213909,131.42216759453402
2025-08-27 00:00:00,181.98,182.49,179.1,181.6,235518949.0,179.561,169.227,1.0,-0.09352478406778886,1.493298541608756,131.29925529607402
2025-08-28 00:00:00,180.82,184.47,176.41,180.17,281787824.0,179.676,169.94799999999998,1.0,-0.7874449339207112,1.4934953715766965,130.26534596196947
2025-08-29 00:00:00,178.11,178.15,173.15,174.18,243257873.0,179.699,170.52200000000002,1.0,-3.3246378420380696,1.5909101774957792,125.93449497505604
2025-09-02 00:00:00,170.0,172.38,167.22,170.78,231164853.0,179.238,171.06059999999997,1.0,-1.952003674359859,1.4060575730372362,123.4762490058564
2025-09-03 00:00:00,171.06,172.41,168.88,170.62,164424873.0,178.856,171.5896,1.0,-0.09368778545496559,1.3962546430368568,123.36056684259995
2025-09-04 00:00:00,170.57,171.86,169.41,171.66,141670144.0,178.46800000000002,172.0648,1.0,0.6095416715508062,1.394948811666433,124.11250090376689
2025-09-05 00:00:00,168.03,169.03,164.07,167.02,224441435.0,177.78050000000002,172.31900000000002,1.0,-2.7030175929162237,1.480638144859196,120.75771816932976
2025-09-08 00:00:00,167.55,170.96,167.35,168.31,163769133.0,177.06099999999998,172.5848,1.0,0.7723625913064192,1.466805842003622,121.69040561058493
2025-09-09 00:00:00,169.09,170.98,166.74,170.76,157548392.0,176.496,172.845,1.0,1.4556473174499374,1.5244179782157699,123.46178873544935
2025-09-10 00:00:00,176.64,179.29,175.47,177.33,226852020.0,176.2045,173.2318,1.0,3.8475052705551738,1.778051893727723,128.21198756416746
2025-09-11 00:00:00,179.68,180.28,176.48,177.17,151159274.0,175.9835,173.7092,1.0,-0.0902272599109133,1.7701719081785021,128.09630540091098
2025-09-12 00:00:00,177.77,178.6,176.45,177.82,124911026.0,175.77349999999998,174.12060000000002,1.0,0.3668792684991873,1.7717444947680756,128.56626418914033
2025-09-15 00:00:00,175.67,178.85,174.51,177.75,147061559.0,175.6385,174.4888,1.0,-0.03936565065796316,1.7626773566334464,128.51565324271564
2025-09-16 00:00:00,177.0,177.5,174.38,174.88,140737775.0,175.28199999999998,174.8216,1.0,-1.6146272855133592,1.7812742220974818,126.440604439303
2025-09-17 00:00:00,172.64,173.2,168.41,170.29,211843817.0,175.0145,175.02740000000003,0.0,-2.624656907593781,1.7046469381869076,123.12197238088352
2025-09-18 00:00:00,173.98,177.1,172.96,176.24,191763313.0,175.05649999999997,175.2946,0.0,3.4940395795407975,1.8885115062176707,127.42390282698285
2025-09-19 00:00:00,175.77,178.08,175.18,176.67,237182143.0,175.141,175.546,0.0,0.24398547435313667,1.88782931659522,127.73479864073458
2025-09-22 00:00:00,175.3,184.55,174.71,183.61,269637001.0,175.422,175.9198,0.0,3.9282277692873846,2.04753095383725,132.75251247198324
2025-09-23 00:00:00,181.97,182.42,176.21,178.43,192559552.0,175.353,176.207,0.0,-2.821197102554329,2.1420399029012716,129.00730243655556
2025-09-24 00:00:00,179.77,179.78,175.4,176.97,143564116.0,175.113,176.3324,0.0,-0.8182480524575486,2.1326223077693114,127.95170269684041
2025-09-25 00:00:00,174.48,180.26,173.13,177.69,191586733.0,174.9175,176.4588,0.0,0.40684861840989406,2.1357858997893877,128.47227243149447
2025-09-26 00:00:00,178.17,179.77,174.93,178.19,148573732.0,174.81850000000003,176.56259999999997,0.0,0.2813889357870414,2.1307084256613225,128.83377919167089
2025-09-29 00:00:00,180.43,184.0,180.32,181.85,193063455.0,175.202,176.7514,0.0,2.053987316908912,2.0305664741120433,131.48000867616224
2025-09-30 00:00:00,182.08,187.35,181.48,186.58,236981032.0,175.99200000000002,177.05540000000002,0.0,2.6010448171570166,2.027676065651823,134.89986262743113
2025-10-01 00:00:00,185.24,188.14,183.9,187.24,173844901.0,176.823,177.4596,0.0,0.3537356629863764,2.023677242059924,135.37705155086402
2025-10-02 00:00:00,189.6,191.05,188.06,188.89,136805821.0,177.6845,177.8218,0.0,0.8812219611194161,2.025466911844105,136.57002385944617
2025-10-03 00:00:00,189.19,190.36,185.38,187.62,137596896.0,178.7145,178.09939999999997,1.0,-0.672348986182425,1.9037591039157755,135.65179668859807
2025-10-06 00:00:00,185.5,187.23,183.33,185.54,157678104.0,179.576,178.3402,1.0,-1.1086238140923244,1.9409116633139638,134.1479285662642
2025-10-07 00:00:00,186.23,189.06,184.0,185.04,140088008.0,180.29000000000002,178.50599999999997,1.0,-0.2694836692896385,1.9348230525376786,133.7864218060878
2025-10-08 00:00:00,186.57,189.6,186.54,189.11,130168861.0,180.879,178.778,1.0,2.1995244271509007,1.812390128443642,136.7290868339238
2025-10-09 00:00:00,192.23,195.3,191.06,192.57,182997234.0,181.64899999999997,179.04399999999998,1.0,1.8296229707577494,1.839181547566362,139.23071361434458
2025-10-10 00:00:00,193.51,195.62,182.05,183.16,268774359.0,181.916,179.1498,1.0,-4.886534766578388,2.190753624182535,132.42715638782445
2025-10-13 00:00:00,187.97,190.11,185.96,188.32,153482755.0,182.4445,179.4418,1.0,2.81720899759772,2.268076062731863,136.15790615284504
2025-10-14 00:00:00,184.77,184.8,179.7,180.03,205641380.0,182.702,179.44240000000002,1.0,-4.402081563296512,2.4695106816683783,130.1641240691201
2025-10-15 00:00:00,184.8,184.87,177.29,179.83,214450482.0,183.179,179.4738,1.0,-0.11109259567849694,2.3819734006315914,130.01952136504954
2025-10-16 00:00:00,182.23,183.28,179.77,181.81,179723309.0,183.4575,179.5216,1.0,1.1010398709892621,2.2705887873227146,131.45108813534813
2025-10-17 00:00:00,180.18,184.1,179.75,183.22,173135217.0,183.78500000000003,179.5706,1.0,0.7755348990704514,2.2744796808072856,132.47053719904562
2025-10-20 00:00:00,183.13,185.2,181.73,182.64,128544711.0,183.7365,179.56939999999997,1.0,-0.3165593275843315,2.1003442164207122,132.05118935724096
2025-10-21 00:00:00,182.79,182.79,179.8,181.16,124240168.0,183.873,179.5514,1.0,-0.810337275514672,2.00438864007187,130.98112934711878
2025-10-22 00:00:00,181.14,183.44,176.76,180.28,162249552.0,184.0385,179.49380000000002,1.0,-0.4857584455729702,1.997780861412014,130.3448774492083
2025-10-23 00:00:00,180.42,183.03,179.79,182.16,111363718.0,184.262,179.5052,1.0,1.0428222764588435,2.0077588449339028,131.7041428674716
2025-10-24 00:00:00,183.84,187.47,183.5,186.26,131296677.0,184.6655,179.59,1.0,2.250768555116389,2.062415694907836,134.66849830091823
2025-10-27 00:00:00,189.99,192.0,188.43,191.49,153452704.0,185.14749999999998,179.81080000000003,1.0,2.8079029313862414,2.1037494542473176,138.44985901236353
2025-10-28 00:00:00,193.05,203.15,191.91,201.03,297986180.0,185.87,180.19119999999998,1.0,4.981983393388689,2.300205925542939,145.34740799652954
2025-10-29 00:00:00,207.98,212.19,204.78,207.04,308829564.0,186.86,180.81920000000002,1.0,2.989603541759922,2.371876560660522,149.69271925385004
2025-10-30 00:00:00,205.15,206.16,201.41,202.89,178864443.0,187.56,181.36899999999997,1.0,-2.0044435857805243,2.436326217484091,146.6922131443858
2025-10-31 00:00:00,206.45,207.97,202.07,202.49,179802178.0,188.30349999999999,181.9192,1.0,-0.1971511656562508,2.427759197326421,146.40300773624466
2025-11-03 00:00:00,208.08,211.34,205.56,206.88,180267285.0,189.3705,182.497,1.0,2.1680082967060033,2.430427142673897,149.5770370905936
2025-11-04 00:00:00,203.0,203.97,197.93,198.69,188919320.0,190.053,182.87460000000002,1.0,-3.958816705336421,2.629660400820831,143.6555563589039
2025-11-05 00:00:00,198.77,202.92,194.65,195.21,171350332.0,190.358,183.1434,1.0,-1.7514721425335944,2.634934424780263,141.13946930807606
2025-11-06 00:00:00,196.42,197.62,186.38,188.08,223029778.0,190.1335,183.273,1.0,-3.652476819835049,2.7387124058460675,135.98438290796037
2025-11-07 00:00:00,184.9,188.32,178.91,188.15,264942255.0,190.38299999999998,183.43259999999998,1.0,0.03721820501914053,2.494517888078842,136.03499385438508
2025-11-10 00:00:00,195.11,199.94,193.79,199.05,198897134.0,190.91950000000003,183.93,1.0,5.793250066436362,2.73799102149088,143.91584122623092
2025-11-11 00:00:00,195.16,195.42,191.3,193.16,176483327.0,191.576,184.37760000000003,1.0,-2.9590555136900343,2.6238364407097348,139.65729159135276
2025-11-12 00:00:00,195.72,195.89,191.13,193.8,154935263.0,192.27450000000002,184.8412,1.0,0.3313315386208382,2.621297171067564,140.12002024437857
2025-11-13 00:00:00,191.05,191.44,183.85,186.86,207423074.0,192.527,185.14520000000002,1.0,-3.58101135190918,2.7613958118967874,135.10230641312992
2025-11-14 00:00:00,182.86,191.01,180.58,190.17,186591856.0,192.87449999999998,185.6082,1.0,1.7713796425131045,2.7817344081188145,137.49548116549778
2025-11-17 00:00:00,185.97,189.0,184.32,186.6,173628858.0,193.0725,185.97400000000002,1.0,-1.8772677078403466,2.819300496554596,134.9143228978382
2025-11-18 00:00:00,183.38,184.8,179.65,181.36,213598877.0,193.0825,186.18599999999998,1.0,-2.808145766345116,2.8894434493718,131.12573205118935
2025-11-19 00:00:00,184.79,187.86,182.83,186.52,247246436.0,193.3945,186.3698,1.0,2.845169827966476,2.9525521622078883,134.85648181620996
2025-11-20 00:00:00,195.95,196.0,179.85,180.64,343504849.0,193.3185,186.43919999999997,1.0,-3.1524769461720004,3.038167467711818,130.6051623165353
2025-11-21 00:00:00,181.24,184.56,172.93,178.88,346926153.0,192.9495,186.46040000000002,1.0,-0.9743135518157642,2.997833439032813,129.33265852071435
2025-11-24 00:00:00,179.49,183.5,176.48,182.55,256618335.0,192.5025,186.5564,1.0,2.051654740608244,2.9630014256810386,131.98611814040925
2025-11-25 00:00:00,174.91,178.16,169.55,177.82,320600271.0,191.34199999999998,186.61520000000002,1.0,-2.5910709394686537,2.7419259004364887,128.56626418914033
2025-11-26 00:00:00,181.63,182.91,178.24,180.26,183852010.0,190.003,186.81459999999998,1.0,1.3721741086492045,2.6536571696225058,130.33041717880124
2025-11-28 00:00:00,179.01,179.29,176.5,177.0,121332776.0,188.70850000000002,186.8298,1.0,-1.8084988350160813,2.648777355087068,127.97339310245101
2025-12-01 00:00:00,174.76,180.3,173.68,179.92,188130955.0,187.58,186.8948,1.0,1.6497175141242826,2.697042233497582,130.08459258188128
2025-12-02 00:00:00,181.76,185.66,180.0,181.46,182632230.0,186.30900000000003,186.8518,0.0,0.8559359715429204,2.642738650380269,131.19803340322466
2025-12-03 00:00:00,181.08,182.45,179.11,179.59,165138023.0,185.35399999999998,186.875,0.0,-1.030530144384445,2.5266095716594164,129.84599812016484
2025-12-04 00:00:00,181.62,184.52,179.96,183.38,167364857.0,184.7625,187.0032,0.0,2.110362492343665,2.571013365996596,132.58621936230207
2025-12-05 00:00:00,183.89,184.66,180.91,182.41,143971098.0,184.47899999999998,187.09759999999997,0.0,-0.5289562656778268,2.4473169720175365,131.88489624755982
2025-12-08 00:00:00,182.64,188.0,182.4,185.55,204378106.0,184.349,187.24480000000003,0.0,1.721396853242707,2.4819107032238676,134.1551587014677
2025-12-09 00:00:00,185.56,185.72,183.32,184.97,144719705.0,183.64499999999998,187.30720000000002,0.0,-0.31258420910806883,2.067488966604937,133.73581085966308
2025-12-10 00:00:00,184.97,185.48,182.04,183.78,162785370.0,183.176,187.25120000000004,0.0,-0.6433475698761959,1.9762634384875706,132.8754247704432
2025-12-11 00:00:00,180.28,181.32,176.62,180.93,182136641.0,182.53249999999997,187.125,0.0,-1.5507672216780954,1.9928704185660986,130.81483623743765
2025-12-12 00:00:00,181.11,182.82,174.62,175.02,204274918.0,181.94050000000001,186.84759999999997,0.0,-3.2664566406897633,1.966885537013543,126.54182633215241
2025-12-15 00:00:00,177.94,178.42,175.03,176.29,164775636.0,181.24650000000003,186.621,0.0,0.7256313564163897,1.9220786094416582,127.4600535030005
2025-12-16 00:00:00,176.26,178.49,174.9,177.72,148588098.0,180.8025,186.4646,0.0,0.8111634239037935,1.904355163485635,128.49396283710504
2025-12-17 00:00:00,176.1,176.13,170.31,170.94,222775464.0,180.2815,186.1826,0.0,-3.8149898717083075,1.9876869802173436,123.59193116911287
2025-12-18 00:00:00,174.53,176.15,171.82,174.14,176096001.0,179.6625,185.8832,0.0,1.8720018720018716,1.9179333669190526,125.90557443424191
2025-12-19 00:00:00,176.67,181.45,176.34,180.99,324925927.0,179.68,185.6516,0.0,3.933616630297476,2.01995642158605,130.85821704865882
2025-12-22 00:00:00,183.92,184.16,182.35,183.69,129064369.0,179.9205,185.6622,0.0,1.4917951268025753,2.030721600802814,132.81035355361144
2025-12-23 00:00:00,182.97,189.33,182.9,189.21,174873621.0,180.25349999999997,185.68,0.0,3.005062877674347,2.088033802756183,136.80138818595907
2025-12-24 00:00:00,187.94,188.91,186.59,188.61,65528545.0,180.793,185.8516,0.0,-0.31710797526557366,1.9875430438206383,136.36758007374738
2025-12-26 00:00:00,189.92,192.69,188.0,190.53,139740292.0,181.3065,186.06560000000002,0.0,1.0179735963098402,1.9791763038397383,137.75576603282482
2025-12-29 00:00:00,187.71,188.76,185.91,188.22,120006103.0,181.8675,186.1938,0.0,-1.2124074948826946,1.9500899437749986,136.0856048008098
2025-12-30 00:00:00,188.24,188.99,186.93,187.54,97687274.0,182.24849999999998,186.2802,0.0,-0.3612793539475079,1.9299793255892888,135.59395560696984
2025-12-31 00:00:00,189.57,190.56,186.49,186.5,120100484.0,182.5005,186.3574,0.0,-0.5545483630158832,1.9314930767675496,134.8420215458029
Crossover,,,,,,,,,,,
